Unnamed: 0,province,CO2_tonnes,year
0.0,Amnat Charoen,149117.9846121273,2000
1.0,Ang Thong,712911.049545105,2000
2.0,Bangkok,12887612.23427582,2000
3.0,Bueng Kan,321601.5899356947,2000
4.0,Buriram,675478.1947652978,2000
5.0,Chachoengsao,8231277.014833438,2000
6.0,Chainat,665000.8445237227,2000
7.0,Chaiyaphum,1072275.3345766163,2000
8.0,Chanthaburi,1516349.6777326392,2000
9.0,Chiang Mai,3652518.401677584,2000
10.0,Chiang Rai,2104331.0749579,2000
11.0,Chonburi,6440003.507781381,2000
12.0,Chumphon,1610733.2896487426,2000
13.0,Kalasin,850663.4841609172,2000
14.0,Kamphaeng Phet,1126187.6350219669,2000
15.0,Kanchanaburi,2910790.0183182466,2000
16.0,Khon Kaen,3658664.2401436144,2000
17.0,Krabi,1281576.854349885,2000
18.0,Lampang,17921301.64352192,2000
19.0,Lamphun,803354.9102176103,2000
20.0,Loei,693649.3674374723,2000
21.0,Lopburi,1984088.971914194,2000
22.0,Mae Hong Son,172839.3124508829,2000
23.0,Maha Sarakham,613544.0149245843,2000
24.0,Mukdahan,310637.7875712299,2000
25.0,Nakhon Nayok,1031347.3454208716,2000
26.0,Nakhon Pathom,2955292.203857745,2000
27.0,Nakhon Phanom,558925.7078409967,2000
28.0,Nakhon Ratchasima,4284447.936184294,2000
29.0,Nakhon Sawan,1689761.3521685684,2000
30.0,Nakhon Si Thammarat,3608907.437932287,2000
31.0,Nan,443556.9732840757,2000
32.0,Narathiwat,994871.7416316872,2000
33.0,Nong Bua Lamphu,453515.00135291385,2000
34.0,Nong Khai,567169.9478472758,2000
35.0,Nonthaburi,2640406.940316983,2000
36.0,Pathum Thani,3446344.6098472737,2000
37.0,Pattani,905928.6554216824,2000
38.0,Phang Nga,904422.9525151824,2000
39.0,Phatthalung,893202.7789135446,2000
40.0,Phayao,690321.9699148902,2000
41.0,Phetchabun,1224970.3685994665,2000
42.0,Phetchaburi,1501794.8888947773,2000
43.0,Phichit,663473.209049117,2000
44.0,Phitsanulok,1417623.5189999884,2000
45.0,Phra Nakhon Si Ayutthaya,5917506.747895624,2000
46.0,Phrae,802610.7056895179,2000
47.0,Phuket,920937.7386127568,2000
48.0,Prachin Buri,3693185.403868457,2000
49.0,Prachuap Khiri Khan,2017521.7489384408,2000
50.0,Ranong,416961.8413107237,2000
51.0,Ratchaburi,8170245.367289369,2000
52.0,Rayong,9652184.701622697,2000
53.0,Roi Et,710561.256028387,2000
54.0,Sa Kaeo,969168.1532945804,2000
55.0,Sakon Nakhon,1163840.764063651,2000
56.0,Samut Prakan,3993175.271496191,2000
57.0,Samut Sakhon,1364298.8659323968,2000
58.0,Samut Songkhram,393721.5292128725,2000
59.0,Saraburi,4363379.598275146,2000
60.0,Satun,777293.0121412601,2000
61.0,Sing Buri,559568.426202486,2000
62.0,Sisaket,652233.6647707929,2000
63.0,Songkhla,2846755.3592261407,2000
64.0,Sukhothai,767736.9750621176,2000
65.0,Suphan Buri,3528317.8667800347,2000
66.0,Surat Thani,2981470.7443149067,2000
67.0,Surin,594637.9672740364,2000
68.0,Tak,851783.8925388717,2000
69.0,Trang,1846555.2947842623,2000
70.0,Trat,617833.7349788451,2000
71.0,Ubon Ratchathani,1232355.0425184034,2000
72.0,Udon Thani,2266919.4722909564,2000
73.0,Uthai Thani,427233.67202783294,2000
74.0,Uttaradit,702012.2262922258,2000
75.0,Yala,588694.4718372965,2000
76.0,Yasothon,318186.64989776514,2000
77.0,Amnat Charoen,159881.0761458664,2001
78.0,Ang Thong,764692.0450273075,2001
79.0,Bangkok,13823181.659217509,2001
80.0,Bueng Kan,344907.434437315,2001
81.0,Buriram,724540.32334832,2001
82.0,Chachoengsao,8822941.304667495,2001
83.0,Chainat,713301.9697007369,2001
84.0,Chaiyaphum,1150158.101220725,2001
85.0,Chanthaburi,1626480.374001996,2001
86.0,Chiang Mai,3917732.64537104,2001
87.0,Chiang Rai,2256784.336738332,2001
88.0,Chonburi,6906266.487863003,2001
89.0,Chumphon,1727726.052041378,2001
90.0,Kalasin,912449.8775816289,2001
91.0,Kamphaeng Phet,1207875.571768717,2001
92.0,Kanchanaburi,3121463.457082364,2001
93.0,Khon Kaen,3923373.420126665,2001
94.0,Krabi,1374661.856958574,2001
95.0,Lampang,19204810.539820444,2001
96.0,Lamphun,861705.1331603068,2001
97.0,Loei,743864.0491763115,2001
98.0,Lopburi,2128199.6607453097,2001
99.0,Mae Hong Son,185390.70868593024,2001
100.0,Maha Sarakham,658107.6672254733,2001
101.0,Mukdahan,333165.70288530155,2001
102.0,Nakhon Nayok,1106257.3816286172,2001
103.0,Nakhon Pathom,3169943.964265437,2001
104.0,Nakhon Phanom,599257.304277769,2001
105.0,Nakhon Ratchasima,4595243.675803594,2001
106.0,Nakhon Sawan,1812494.090746062,2001
107.0,Nakhon Si Thammarat,3871033.9126087385,2001
108.0,Nan,475773.92613231466,2001
109.0,Narathiwat,1067417.4477061557,2001
110.0,Nong Bua Lamphu,486455.2372845201,2001
111.0,Nong Khai,607704.1726331711,2001
112.0,Nonthaburi,2832188.0904546585,2001
113.0,Pathum Thani,3696654.583543375,2001
114.0,Pattani,971729.133048809,2001
115.0,Phang Nga,970114.0678306044,2001
116.0,Phatthalung,958078.9358273612,2001
117.0,Phayao,740462.2487169637,2001
118.0,Phetchabun,1313943.8603243264,2001
119.0,Phetchaburi,1610875.026747634,2001
120.0,Phichit,711663.3774393358,2001
121.0,Phitsanulok,1520590.0215736378,2001
122.0,Phra Nakhon Si Ayutthaya,6344020.185017053,2001
123.0,Phrae,860906.8725347699,2001
124.0,Phuket,987826.615031784,2001
125.0,Prachin Buri,3959271.27574828,2001
126.0,Prachuap Khiri Khan,2164060.769902315,2001
127.0,Ranong,447088.2107692642,2001
128.0,Ratchaburi,8756996.530022435,2001
129.0,Rayong,10346652.325025626,2001
130.0,Roi Et,762171.5783847322,2001
131.0,Sa Kaeo,1039529.8738356256,2001
132.0,Sakon Nakhon,1248374.218132821,2001
133.0,Samut Prakan,4282305.9387269085,2001
134.0,Samut Sakhon,1463389.089421458,2001
135.0,Samut Songkhram,422318.7754556809,2001
136.0,Saraburi,4678545.886205087,2001
137.0,Satun,833829.220525752,2001
138.0,Sing Buri,600211.6598073235,2001
139.0,Sisaket,699607.4691744584,2001
140.0,Songkhla,3053658.3587185265,2001
141.0,Sukhothai,823500.1518724174,2001
142.0,Suphan Buri,3784590.810468125,2001
143.0,Surat Thani,3197867.084604539,2001
144.0,Surin,637828.4127892504,2001
145.0,Tak,913606.5304890204,2001
146.0,Trang,1980676.476092968,2001
147.0,Trat,662668.4911664848,2001
148.0,Ubon Ratchathani,1321693.367840575,2001
149.0,Udon Thani,2431565.63038661,2001
150.0,Uthai Thani,458265.01205635926,2001
151.0,Uttaradit,753001.6054286661,2001
152.0,Yala,631513.6849402866,2001
153.0,Yasothon,341297.55750526616,2001
154.0,Amnat Charoen,261879.87536465644,2002
155.0,Ang Thong,775072.6685862436,2002
156.0,Bangkok,16561289.720981758,2002
157.0,Bueng Kan,353231.94353437,2002
158.0,Buriram,814341.3272047109,2002
159.0,Chachoengsao,9015048.267466309,2002
160.0,Chainat,829534.5131761455,2002
161.0,Chaiyaphum,1130165.613150073,2002
162.0,Chanthaburi,1469000.342577734,2002
163.0,Chiang Mai,4546551.608008922,2002
164.0,Chiang Rai,2004053.936201351,2002
165.0,Chonburi,7824902.556609251,2002
166.0,Chumphon,1714588.1583492956,2002
167.0,Kalasin,1783074.200049701,2002
168.0,Kamphaeng Phet,1366997.18583438,2002
169.0,Kanchanaburi,3146239.4031065786,2002
170.0,Khon Kaen,3951829.348439328,2002
171.0,Krabi,1150818.5615154942,2002
172.0,Lampang,20009517.069068525,2002
173.0,Lamphun,945631.5134868335,2002
174.0,Loei,687876.0208273105,2002
175.0,Lopburi,2900786.8111913595,2002
176.0,Mae Hong Son,185691.70513467505,2002
177.0,Maha Sarakham,674406.9097882862,2002
178.0,Mukdahan,402184.9123748302,2002
179.0,Nakhon Nayok,871581.7595161676,2002
180.0,Nakhon Pathom,3328465.851024229,2002
181.0,Nakhon Phanom,805531.8247172517,2002
182.0,Nakhon Ratchasima,5065160.435463627,2002
183.0,Nakhon Sawan,2041571.673119088,2002
184.0,Nakhon Si Thammarat,3155426.7386594177,2002
185.0,Nan,599649.0374447231,2002
186.0,Narathiwat,1153590.95814604,2002
187.0,Nong Bua Lamphu,365098.2202149162,2002
188.0,Nong Khai,553299.3297330503,2002
189.0,Nonthaburi,3405902.473110158,2002
190.0,Pathum Thani,4320135.884711341,2002
191.0,Pattani,717081.1547892904,2002
192.0,Phang Nga,780075.9067909927,2002
193.0,Phatthalung,785752.126790944,2002
194.0,Phayao,721025.2812459039,2002
195.0,Phetchabun,1485754.6953937053,2002
196.0,Phetchaburi,1606953.1915451174,2002
197.0,Phichit,922336.604340704,2002
198.0,Phitsanulok,1787608.5860886115,2002
199.0,Phra Nakhon Si Ayutthaya,6658327.002843458,2002
200.0,Phrae,858061.9795293674,2002
201.0,Phuket,1131152.818411186,2002
202.0,Prachin Buri,3896249.304810855,2002
203.0,Prachuap Khiri Khan,2295035.1833878057,2002
204.0,Ranong,433029.1429289141,2002
205.0,Ratchaburi,9215632.492482962,2002
206.0,Rayong,10996059.178001251,2002
207.0,Roi Et,1270349.8223221016,2002
208.0,Sa Kaeo,960678.5145390788,2002
209.0,Sakon Nakhon,1059958.3657044354,2002
210.0,Samut Prakan,4428519.511987728,2002
211.0,Samut Sakhon,1621903.9681996086,2002
212.0,Samut Songkhram,423364.3228366108,2002
213.0,Saraburi,4654622.348294187,2002
214.0,Satun,702982.0160136098,2002
215.0,Sing Buri,601657.4668079499,2002
216.0,Sisaket,616767.0724737358,2002
217.0,Songkhla,3101333.373839707,2002
218.0,Sukhothai,1197942.3407200566,2002
219.0,Suphan Buri,3888730.321510696,2002
220.0,Surat Thani,3156283.583657526,2002
221.0,Surin,639329.4480917177,2002
222.0,Tak,1042455.6155048724,2002
223.0,Trang,1705175.2086924429,2002
224.0,Trat,485686.1946450462,2002
225.0,Ubon Ratchathani,1227514.211251459,2002
226.0,Udon Thani,2476131.35407934,2002
227.0,Uthai Thani,468405.9352473211,2002
228.0,Uttaradit,828389.5808509188,2002
229.0,Yala,549763.4850811214,2002
230.0,Yasothon,521678.35405106354,2002
231.0,Amnat Charoen,278055.19062354375,2003
232.0,Ang Thong,822867.5980583858,2003
233.0,Bangkok,17584800.31662009,2003
234.0,Bueng Kan,375080.6255336809,2003
235.0,Buriram,864557.763069333,2003
236.0,Chachoengsao,9599014.465021588,2003
237.0,Chainat,880687.8384237156,2003
238.0,Chaiyaphum,1199857.3838811968,2003
239.0,Chanthaburi,1559613.9452948836,2003
240.0,Chiang Mai,4827019.668356853,2003
241.0,Chiang Rai,2127889.36145438,2003
242.0,Chonburi,8314190.991289969,2003
243.0,Chumphon,1820318.400843381,2003
244.0,Kalasin,1893027.6415888767,2003
245.0,Kamphaeng Phet,1451793.905982418,2003
246.0,Kanchanaburi,3343231.59251272,2003
247.0,Khon Kaen,4200185.679233444,2003
248.0,Krabi,1221783.8981649857,2003
249.0,Lampang,21325635.645243816,2003
250.0,Lamphun,1003943.9717039098,2003
251.0,Loei,730368.15242525,2003
252.0,Lopburi,3079664.1072702147,2003
253.0,Mae Hong Son,197153.6139197111,2003
254.0,Maha Sarakham,715994.2761620989,2003
255.0,Mukdahan,427022.54938202,2003
256.0,Nakhon Nayok,925327.9318725012,2003
257.0,Nakhon Pathom,3533718.30078838,2003
258.0,Nakhon Phanom,855371.7351400118,2003
259.0,Nakhon Ratchasima,5379301.994012442,2003
260.0,Nakhon Sawan,2167465.3857875573,2003
261.0,Nakhon Si Thammarat,3350006.429165681,2003
262.0,Nan,636626.4527486477,2003
263.0,Narathiwat,1228643.6065938987,2003
264.0,Nong Bua Lamphu,387612.0368467407,2003
265.0,Nong Khai,587853.2612728252,2003
266.0,Nonthaburi,3615927.776216353,2003
267.0,Pathum Thani,4586578.157072217,2003
268.0,Pattani,761300.0324681987,2003
269.0,Phang Nga,828179.3620542163,2003
270.0,Phatthalung,834205.606778593,2003
271.0,Phayao,765487.3738216895,2003
272.0,Phetchabun,1577373.900897043,2003
273.0,Phetchaburi,1706046.114016345,2003
274.0,Phichit,979212.5792526874,2003
275.0,Phitsanulok,1897841.6400812413,2003
276.0,Phra Nakhon Si Ayutthaya,7083818.422522772,2003
277.0,Phrae,910974.4528177442,2003
278.0,Phuket,1200913.5956884488,2003
279.0,Prachin Buri,4146294.560222984,2003
280.0,Prachuap Khiri Khan,2436558.747761445,2003
281.0,Ranong,459828.6943050499,2003
282.0,Ratchaburi,9814141.294746691,2003
283.0,Rayong,11704005.940214654,2003
284.0,Roi Et,1348686.065426116,2003
285.0,Sa Kaeo,1019960.3582380142,2003
286.0,Sakon Nakhon,1125320.798884778,2003
287.0,Samut Prakan,4705705.864727461,2003
288.0,Samut Sakhon,1721933.0403176956,2003
289.0,Samut Songkhram,449471.1246214771,2003
290.0,Saraburi,4949613.631588,2003
291.0,Satun,747303.9835666189,2003
292.0,Sing Buri,638758.7319754924,2003
293.0,Sisaket,654800.0729423075,2003
294.0,Songkhla,3294164.665456301,2003
295.0,Sukhothai,1271813.5701898907,2003
296.0,Suphan Buri,4128529.247639285,2003
297.0,Surat Thani,3351628.651600784,2003
298.0,Surin,678753.7588118943,2003
299.0,Tak,1106738.7398445958,2003
300.0,Trang,1810325.0009173583,2003
301.0,Trat,515653.5299772434,2003
302.0,Ubon Ratchathani,1303282.479696349,2003
303.0,Udon Thani,2628855.760545716,2003
304.0,Uthai Thani,497290.2322208185,2003
305.0,Uttaradit,879472.3034720792,2003
306.0,Yala,584147.5656688252,2003
307.0,Yasothon,553847.6995504512,2003
308.0,Amnat Charoen,302909.50496436545,2004
309.0,Ang Thong,746813.065485599,2004
310.0,Bangkok,22011833.71603234,2004
311.0,Bueng Kan,154980.00916453122,2004
312.0,Buriram,1072315.666509284,2004
313.0,Chachoengsao,10205790.06209069,2004
314.0,Chainat,779683.997729207,2004
315.0,Chaiyaphum,1259270.527523778,2004
316.0,Chanthaburi,1426173.4838810205,2004
317.0,Chiang Mai,5484152.731372467,2004
318.0,Chiang Rai,1848795.015908796,2004
319.0,Chonburi,9340646.599606205,2004
320.0,Chumphon,1713803.9346677836,2004
321.0,Kalasin,1221427.0751124858,2004
322.0,Kamphaeng Phet,1412093.6050735808,2004
323.0,Kanchanaburi,3336645.767566671,2004
324.0,Khon Kaen,4472753.752114973,2004
325.0,Krabi,1265034.1174297929,2004
326.0,Lampang,22757842.662386604,2004
327.0,Lamphun,1067805.435439619,2004
328.0,Loei,597247.0893531141,2004
329.0,Lopburi,2497519.7845343035,2004
330.0,Mae Hong Son,243996.322093956,2004
331.0,Maha Sarakham,778029.6789688901,2004
332.0,Mukdahan,408240.1533746204,2004
333.0,Nakhon Nayok,821196.0764096903,2004
334.0,Nakhon Pathom,4118161.674608173,2004
335.0,Nakhon Phanom,607107.1410456495,2004
336.0,Nakhon Ratchasima,5926780.399260239,2004
337.0,Nakhon Sawan,2052753.589484681,2004
338.0,Nakhon Si Thammarat,3047046.536347098,2004
339.0,Nan,520599.8579927048,2004
340.0,Narathiwat,1471428.588721466,2004
341.0,Nong Bua Lamphu,240417.45216280792,2004
342.0,Nong Khai,442267.82722841454,2004
343.0,Nonthaburi,4859362.672630489,2004
344.0,Pathum Thani,5936321.688486058,2004
345.0,Pattani,1096578.4610967622,2004
346.0,Phang Nga,832492.1757671199,2004
347.0,Phatthalung,1047127.0326507149,2004
348.0,Phayao,603191.4712809911,2004
349.0,Phetchabun,1423195.0824126648,2004
350.0,Phetchaburi,1649695.6795197765,2004
351.0,Phichit,949100.1258723306,2004
352.0,Phitsanulok,2096910.06098734,2004
353.0,Phra Nakhon Si Ayutthaya,7773847.893216197,2004
354.0,Phrae,935812.0783124028,2004
355.0,Phuket,1636186.5958932834,2004
356.0,Prachin Buri,4288582.550889407,2004
357.0,Prachuap Khiri Khan,2420675.1845513005,2004
358.0,Ranong,502179.0466357803,2004
359.0,Ratchaburi,10341975.990061792,2004
360.0,Rayong,13309990.920519384,2004
361.0,Roi Et,1056697.551431083,2004
362.0,Sa Kaeo,956331.2500449328,2004
363.0,Sakon Nakhon,798998.9221273665,2004
364.0,Samut Prakan,5846851.38092266,2004
365.0,Samut Sakhon,2170510.625588844,2004
366.0,Samut Songkhram,481455.7759646439,2004
367.0,Saraburi,5363593.780584493,2004
368.0,Satun,836353.0900025959,2004
369.0,Sing Buri,650221.149307014,2004
370.0,Sisaket,901914.2150681876,2004
371.0,Songkhla,3947076.2964517497,2004
372.0,Sukhothai,1362989.5009394689,2004
373.0,Suphan Buri,3509979.081112136,2004
374.0,Surat Thani,3249207.250098733,2004
375.0,Surin,952057.3057658096,2004
376.0,Tak,1102398.0881071514,2004
377.0,Trang,1761636.399279374,2004
378.0,Trat,486161.07898734615,2004
379.0,Ubon Ratchathani,1578561.1369941577,2004
380.0,Udon Thani,2006563.8886015825,2004
381.0,Uthai Thani,528082.770766314,2004
382.0,Uttaradit,890852.8522018756,2004
383.0,Yala,953014.940490572,2004
384.0,Yasothon,501238.73021497054,2004
385.0,Amnat Charoen,241452.9598628311,2005
386.0,Ang Thong,764862.2173178372,2005
387.0,Bangkok,21967170.96245285,2005
388.0,Bueng Kan,243086.09423493623,2005
389.0,Buriram,559773.449331223,2005
390.0,Chachoengsao,10501039.890363837,2005
391.0,Chainat,850376.1611354327,2005
392.0,Chaiyaphum,1505898.504145783,2005
393.0,Chanthaburi,1466102.3015712542,2005
394.0,Chiang Mai,6046251.004393359,2005
395.0,Chiang Rai,2201913.747961041,2005
396.0,Chonburi,10795653.386638897,2005
397.0,Chumphon,1467534.2998309154,2005
398.0,Kalasin,1554372.3321670208,2005
399.0,Kamphaeng Phet,1391233.2876826038,2005
400.0,Kanchanaburi,3685168.561747583,2005
401.0,Khon Kaen,5233855.416391694,2005
402.0,Krabi,1210912.9691144428,2005
403.0,Lampang,23403071.43587337,2005
404.0,Lamphun,1095069.4808642669,2005
405.0,Loei,808537.7115969124,2005
406.0,Lopburi,2675580.0693247425,2005
407.0,Mae Hong Son,181272.0715155129,2005
408.0,Maha Sarakham,1133049.841610717,2005
409.0,Mukdahan,419953.3960506492,2005
410.0,Nakhon Nayok,860635.1254535279,2005
411.0,Nakhon Pathom,3981066.942953705,2005
412.0,Nakhon Phanom,711964.6433904228,2005
413.0,Nakhon Ratchasima,5385467.486812109,2005
414.0,Nakhon Sawan,2202491.486236996,2005
415.0,Nakhon Si Thammarat,2785792.32335748,2005
416.0,Nan,535692.6016574921,2005
417.0,Narathiwat,1288768.37816537,2005
418.0,Nong Bua Lamphu,412950.9779622473,2005
419.0,Nong Khai,584272.7389682059,2005
420.0,Nonthaburi,4717911.149124349,2005
421.0,Pathum Thani,5746953.124711325,2005
422.0,Pattani,1073659.0513014244,2005
423.0,Phang Nga,808944.8734861945,2005
424.0,Phatthalung,741654.4575963606,2005
425.0,Phayao,616981.919155888,2005
426.0,Phetchabun,1812224.0926480824,2005
427.0,Phetchaburi,1935707.1281313663,2005
428.0,Phichit,1006631.1034957856,2005
429.0,Phitsanulok,2736449.4189643306,2005
430.0,Phra Nakhon Si Ayutthaya,8055206.977316212,2005
431.0,Phrae,917811.9041577104,2005
432.0,Phuket,1801015.1736980735,2005
433.0,Prachin Buri,4663518.977509967,2005
434.0,Prachuap Khiri Khan,2234882.5139507614,2005
435.0,Ranong,421604.2818542223,2005
436.0,Ratchaburi,10829335.914418468,2005
437.0,Rayong,13204287.0721574,2005
438.0,Roi Et,1177919.0837274408,2005
439.0,Sa Kaeo,919643.5819674088,2005
440.0,Sakon Nakhon,1202878.749296216,2005
441.0,Samut Prakan,6351569.425882751,2005
442.0,Samut Sakhon,2442350.0134779173,2005
443.0,Samut Songkhram,521941.7749388556,2005
444.0,Saraburi,5617607.608297495,2005
445.0,Satun,679495.7311888656,2005
446.0,Sing Buri,638027.1378674492,2005
447.0,Sisaket,543038.5964788531,2005
448.0,Songkhla,3745691.280317064,2005
449.0,Sukhothai,1808065.781114416,2005
450.0,Suphan Buri,3689162.622019848,2005
451.0,Surat Thani,3262092.44833492,2005
452.0,Surin,533714.6204198246,2005
453.0,Tak,1138018.8818045773,2005
454.0,Trang,1558247.4804776371,2005
455.0,Trat,500951.11034663056,2005
456.0,Ubon Ratchathani,1326246.8345344567,2005
457.0,Udon Thani,2636472.732958702,2005
458.0,Uthai Thani,562112.7077504997,2005
459.0,Uttaradit,904561.176919412,2005
460.0,Yala,855884.3383186745,2005
461.0,Yasothon,438270.7692356877,2005
462.0,Amnat Charoen,244482.06053957413,2006
463.0,Ang Thong,774238.5446125092,2006
464.0,Bangkok,22234929.91420353,2006
465.0,Bueng Kan,246268.0118112593,2006
466.0,Buriram,566635.624251769,2006
467.0,Chachoengsao,10610715.254457807,2006
468.0,Chainat,860800.789759243,2006
469.0,Chaiyaphum,1524359.0780127086,2006
470.0,Chanthaburi,1484075.0207553548,2006
471.0,Chiang Mai,6120409.413847575,2006
472.0,Chiang Rai,2229888.96386282,2006
473.0,Chonburi,10923400.285241012,2006
474.0,Chumphon,1485524.5731614952,2006
475.0,Kalasin,1573427.139899762,2006
476.0,Kamphaeng Phet,1407948.0842139595,2006
477.0,Kanchanaburi,3728446.238574351,2006
478.0,Khon Kaen,5294846.699880266,2006
479.0,Krabi,1225757.3618036269,2006
480.0,Lampang,23634110.413388647,2006
481.0,Lamphun,1108493.7663642329,2006
482.0,Loei,818705.0588623475,2006
483.0,Lopburi,2708379.58737668,2006
484.0,Mae Hong Son,183486.6418263536,2006
485.0,Maha Sarakham,1146939.722777646,2006
486.0,Mukdahan,425122.5585023193,2006
487.0,Nakhon Nayok,871185.5169026012,2006
488.0,Nakhon Pathom,4029868.672097382,2006
489.0,Nakhon Phanom,721227.5449674225,2006
490.0,Nakhon Ratchasima,5450265.791128404,2006
491.0,Nakhon Sawan,2229491.484110264,2006
492.0,Nakhon Si Thammarat,2819942.916304923,2006
493.0,Nan,542259.573308823,2006
494.0,Narathiwat,1303625.37145468,2006
495.0,Nong Bua Lamphu,418013.2794671636,2006
496.0,Nong Khai,593326.6213581094,2006
497.0,Nonthaburi,4775747.290085904,2006
498.0,Pathum Thani,5817376.494021565,2006
499.0,Pattani,1086820.8689497542,2006
500.0,Phang Nga,818861.6021063685,2006
501.0,Phatthalung,750746.2837051677,2006
502.0,Phayao,624545.4040617804,2006
503.0,Phetchabun,1834439.8653547985,2006
504.0,Phetchaburi,1959436.6603517588,2006
505.0,Phichit,1018971.2364097212,2006
506.0,Phitsanulok,2769995.126254744,2006
507.0,Phra Nakhon Si Ayutthaya,8143830.031475946,2006
508.0,Phrae,929063.217808321,2006
509.0,Phuket,1823088.0132388785,2006
510.0,Prachin Buri,4714043.208579806,2006
511.0,Prachuap Khiri Khan,2262345.8339059493,2006
512.0,Ranong,426995.3201595073,2006
513.0,Ratchaburi,10941559.71463469,2006
514.0,Rayong,13345863.906315953,2006
515.0,Roi Et,1192359.0095874849,2006
516.0,Sa Kaeo,930964.2904795298,2006
517.0,Sakon Nakhon,1217624.6514200028,2006
518.0,Samut Prakan,6426646.441879516,2006
519.0,Samut Sakhon,2472280.751663944,2006
520.0,Samut Songkhram,528340.1778165612,2006
521.0,Saraburi,5681063.615096648,2006
522.0,Satun,687686.8013632726,2006
523.0,Sing Buri,645848.6128693008,2006
524.0,Sisaket,549695.621501676,2006
525.0,Songkhla,3791214.146780175,2006
526.0,Sukhothai,1830230.5756384423,2006
527.0,Suphan Buri,3734387.4920382975,2006
528.0,Surat Thani,3301597.926425814,2006
529.0,Surin,540257.3446974097,2006
530.0,Tak,1152194.7835369762,2006
531.0,Trang,1577349.793604085,2006
532.0,Trat,507155.6655636043,2006
533.0,Ubon Ratchathani,1342782.2028015498,2006
534.0,Udon Thani,2668770.064153108,2006
535.0,Uthai Thani,569003.5594824591,2006
536.0,Uttaradit,915650.0513625088,2006
537.0,Yala,866254.9389828977,2006
538.0,Yasothon,443643.4621422753,2006
539.0,Amnat Charoen,247027.40440361403,2007
540.0,Ang Thong,782547.6897994298,2007
541.0,Bangkok,22480525.8336046,2007
542.0,Bueng Kan,248681.9153973245,2007
543.0,Buriram,572716.7712323994,2007
544.0,Chachoengsao,10811218.987045126,2007
545.0,Chainat,870038.9236796641,2007
546.0,Chaiyaphum,1540718.5343472094,2007
547.0,Chanthaburi,1500002.1483613108,2007
548.0,Chiang Mai,6186199.669144269,2007
549.0,Chiang Rai,2252706.139007411,2007
550.0,Chonburi,11061521.743118512,2007
551.0,Chumphon,1501467.2575212272,2007
552.0,Kalasin,1590313.1965334543,2007
553.0,Kamphaeng Phet,1424604.4577265356,2007
554.0,Kanchanaburi,3777429.325976677,2007
555.0,Khon Kaen,5366081.46008528,2007
556.0,Krabi,1238912.2179673235,2007
557.0,Lampang,24141685.52207733,2007
558.0,Lamphun,1120390.1460969013,2007
559.0,Loei,827186.5123444967,2007
560.0,Lopburi,2737445.978721895,2007
561.0,Mae Hong Son,185490.4477489748,2007
562.0,Maha Sarakham,1159248.7063577457,2007
563.0,Mukdahan,429661.1450222077,2007
564.0,Nakhon Nayok,880535.0996376395,2007
565.0,Nakhon Pathom,4073124.367219708,2007
566.0,Nakhon Phanom,728360.9792026343,2007
567.0,Nakhon Ratchasima,5514310.466969029,2007
568.0,Nakhon Sawan,2253418.4386410937,2007
569.0,Nakhon Si Thammarat,2850206.607773386,2007
570.0,Nan,548079.115562922,2007
571.0,Narathiwat,1318963.4781438226,2007
572.0,Nong Bua Lamphu,422499.4077394228,2007
573.0,Nong Khai,597549.1734020895,2007
574.0,Nonthaburi,4827000.716904866,2007
575.0,Pathum Thani,5879934.340392091,2007
576.0,Pattani,1098484.65595787,2007
577.0,Phang Nga,827649.6433016114,2007
578.0,Phatthalung,758803.3102447848,2007
579.0,Phayao,631248.0397908845,2007
580.0,Phetchabun,1854127.116242085,2007
581.0,Phetchaburi,1980465.3791772428,2007
582.0,Phichit,1029906.859136612,2007
583.0,Phitsanulok,2799722.7775994944,2007
584.0,Phra Nakhon Si Ayutthaya,8277258.177076206,2007
585.0,Phrae,939033.945402172,2007
586.0,Phuket,1842678.5373298696,2007
587.0,Prachin Buri,4794844.489955856,2007
588.0,Prachuap Khiri Khan,2286550.252654344,2007
589.0,Ranong,431325.3240732245,2007
590.0,Ratchaburi,11152325.176593428,2007
591.0,Rayong,13581345.942562915,2007
592.0,Roi Et,1205155.433401032,2007
593.0,Sa Kaeo,940902.1830262446,2007
594.0,Sakon Nakhon,1230692.227436562,2007
595.0,Samut Prakan,6508282.553109733,2007
596.0,Samut Sakhon,2498857.202049604,2007
597.0,Samut Songkhram,534010.3367625518,2007
598.0,Saraburi,5766625.179052076,2007
599.0,Satun,695265.614526123,2007
600.0,Sing Buri,652779.8753468565,2007
601.0,Sisaket,555594.9673094415,2007
602.0,Songkhla,3832545.5563609465,2007
603.0,Sukhothai,1849872.6531697407,2007
604.0,Suphan Buri,3774465.023646943,2007
605.0,Surat Thani,3339231.1488793334,2007
606.0,Surin,546055.3989062958,2007
607.0,Tak,1164304.8685693005,2007
608.0,Trang,1594277.9473978472,2007
609.0,Trat,512526.4855733447,2007
610.0,Ubon Ratchathani,1356878.6906140698,2007
611.0,Udon Thani,2697514.910246116,2007
612.0,Uthai Thani,575110.1186238322,2007
613.0,Uttaradit,925476.8290804127,2007
614.0,Yala,875725.525650249,2007
615.0,Yasothon,448404.65409622,2007
616.0,Amnat Charoen,243111.5820839276,2008
617.0,Ang Thong,769289.6914516558,2008
618.0,Bangkok,22106092.05955353,2008
619.0,Bueng Kan,245255.1821577077,2008
620.0,Buriram,563013.7478349447,2008
621.0,Chachoengsao,10708013.23332653,2008
622.0,Chainat,855298.6402848873,2008
623.0,Chaiyaphum,1514615.5320578692,2008
624.0,Chanthaburi,1474588.9517320374,2008
625.0,Chiang Mai,6081896.042862671,2008
626.0,Chiang Rai,2218365.708274731,2008
627.0,Chonburi,10893398.96106964,2008
628.0,Chumphon,1476029.1832875542,2008
629.0,Kalasin,1563369.956782295,2008
630.0,Kamphaeng Phet,1401895.859943248,2008
631.0,Kanchanaburi,3722202.090281272,2008
632.0,Khon Kaen,5288469.5820275005,2008
633.0,Krabi,1217922.446757318,2008
634.0,Lampang,23967056.62280614,2008
635.0,Lamphun,1101408.384553311,2008
636.0,Loei,814172.3778198771,2008
637.0,Lopburi,2691067.903725732,2008
638.0,Mae Hong Son,182379.80238284823,2008
639.0,Maha Sarakham,1139608.602512149,2008
640.0,Mukdahan,422463.635316442,2008
641.0,Nakhon Nayok,865616.9891506829,2008
642.0,Nakhon Pathom,4004123.6106182192,2008
643.0,Nakhon Phanom,718104.4928432407,2008
644.0,Nakhon Ratchasima,5426011.270865038,2008
645.0,Nakhon Sawan,2215240.804830956,2008
646.0,Nakhon Si Thammarat,2801918.10172251,2008
647.0,Nan,538793.5061631908,2008
648.0,Narathiwat,1302562.6720964983,2008
649.0,Nong Bua Lamphu,415341.3820851822,2008
650.0,Nong Khai,594790.5844476351,2008
651.0,Nonthaburi,4745221.207725258,2008
652.0,Pathum Thani,5780431.871063148,2008
653.0,Pattani,1079874.0227031417,2008
654.0,Phang Nga,813627.5231905871,2008
655.0,Phatthalung,745947.5912245569,2008
656.0,Phayao,620553.3745622654,2008
657.0,Phetchabun,1822714.314723202,2008
658.0,Phetchaburi,1946912.1402818533,2008
659.0,Phichit,1012458.0778809248,2008
660.0,Phitsanulok,2752289.6035808465,2008
661.0,Phra Nakhon Si Ayutthaya,8179508.458641284,2008
662.0,Phrae,923124.7413945816,2008
663.0,Phuket,1811482.805572721,2008
664.0,Prachin Buri,4741493.709887456,2008
665.0,Prachuap Khiri Khan,2248069.2536938987,2008
666.0,Ranong,424884.8105190658,2008
667.0,Ratchaburi,11049534.93199451,2008
668.0,Rayong,13436398.935699364,2008
669.0,Roi Et,1184737.574279849,2008
670.0,Sa Kaeo,925144.1210809888,2008
671.0,Sakon Nakhon,1209841.720825756,2008
672.0,Samut Prakan,6409708.606298739,2008
673.0,Samut Sakhon,2456561.8170566,2008
674.0,Samut Songkhram,524963.0817648125,2008
675.0,Saraburi,5691625.165367418,2008
676.0,Satun,684362.275918241,2008
677.0,Sing Buri,641720.415742917,2008
678.0,Sisaket,546182.0235837107,2008
679.0,Songkhla,3770053.898998402,2008
680.0,Sukhothai,1818531.9316966329,2008
681.0,Suphan Buri,3710517.671617588,2008
682.0,Surat Thani,3284688.435284567,2008
683.0,Surin,536804.0754841032,2008
684.0,Tak,1145455.6770075364,2008
685.0,Trang,1567267.5362372026,2008
686.0,Trat,504090.3794605637,2008
687.0,Ubon Ratchathani,1334969.4308886628,2008
688.0,Udon Thani,2651908.925171127,2008
689.0,Uthai Thani,565366.5475071878,2008
690.0,Uttaradit,909797.3111787338,2008
691.0,Yala,861656.1937517857,2008
692.0,Yasothon,440807.7389362316,2008
693.0,Amnat Charoen,258876.98575957536,2009
694.0,Ang Thong,819837.4013813209,2009
695.0,Bangkok,23558958.401014205,2009
696.0,Bueng Kan,260760.6893958063,2009
697.0,Buriram,600007.6870781636,2009
698.0,Chachoengsao,11415849.849667937,2009
699.0,Chainat,911497.7391323408,2009
700.0,Chaiyaphum,1614136.359543017,2009
701.0,Chanthaburi,1571479.7692850046,2009
702.0,Chiang Mai,6481281.021536139,2009
703.0,Chiang Rai,2361163.529671824,2009
704.0,Chonburi,11610195.331068572,2009
705.0,Chumphon,1573014.697215529,2009
706.0,Kalasin,1666094.2906446098,2009
707.0,Kamphaeng Phet,1494085.988407188,2009
708.0,Kanchanaburi,3966921.608065473,2009
709.0,Khon Kaen,5636665.18287234,2009
710.0,Krabi,1297948.4659712685,2009
711.0,Lampang,25554303.710265424,2009
712.0,Lamphun,1173778.6194534262,2009
713.0,Loei,866867.4629421477,2009
714.0,Lopburi,2867889.876107076,2009
715.0,Mae Hong Son,194365.1325011821,2009
716.0,Maha Sarakham,1214488.8534706386,2009
717.0,Mukdahan,450159.0184442239,2009
718.0,Nakhon Nayok,922494.076039598,2009
719.0,Nakhon Pathom,4267222.863782132,2009
720.0,Nakhon Phanom,763674.3732632499,2009
721.0,Nakhon Ratchasima,5782810.229579491,2009
722.0,Nakhon Sawan,2360797.61110237,2009
723.0,Nakhon Si Thammarat,2986023.7403553864,2009
724.0,Nan,574196.0053519506,2009
725.0,Narathiwat,1384017.0667125543,2009
726.0,Nong Bua Lamphu,442632.2140436911,2009
727.0,Nong Khai,628164.8100964217,2009
728.0,Nonthaburi,5057015.408752321,2009
729.0,Pathum Thani,6160252.808167527,2009
730.0,Pattani,1150829.2949995184,2009
731.0,Phang Nga,867088.5391154761,2009
732.0,Phatthalung,794961.5618400954,2009
733.0,Phayao,661328.0692442207,2009
734.0,Phetchabun,1942479.386286816,2009
735.0,Phetchaburi,2074837.8801507703,2009
736.0,Phichit,1078983.6505508851,2009
737.0,Phitsanulok,2933134.2686411394,2009
738.0,Phra Nakhon Si Ayutthaya,8719214.938503623,2009
739.0,Phrae,983780.489188176,2009
740.0,Phuket,1930511.2001635488,2009
741.0,Prachin Buri,5054523.458868298,2009
742.0,Prachuap Khiri Khan,2395583.2134584403,2009
743.0,Ranong,452130.7921788807,2009
744.0,Ratchaburi,11780140.789678654,2009
745.0,Rayong,14323785.860705256,2009
746.0,Roi Et,1262583.1140000117,2009
747.0,Sa Kaeo,985790.8994971332,2009
748.0,Sakon Nakhon,1289336.77932383,2009
749.0,Samut Prakan,6831491.940593578,2009
750.0,Samut Sakhon,2617977.2505073138,2009
751.0,Samut Songkhram,559456.8256651564,2009
752.0,Saraburi,6066809.883085828,2009
753.0,Satun,728720.7316278109,2009
754.0,Sing Buri,683885.9325986571,2009
755.0,Sisaket,582070.0004568071,2009
756.0,Songkhla,4016156.213879279,2009
757.0,Sukhothai,1938022.191590039,2009
758.0,Suphan Buri,3954324.618898276,2009
759.0,Surat Thani,3500623.3866043515,2009
760.0,Surin,572075.855174818,2009
761.0,Tak,1220040.8139101858,2009
762.0,Trang,1670247.968748137,2009
763.0,Trat,537021.0980399131,2009
764.0,Ubon Ratchathani,1421849.9897004885,2009
765.0,Udon Thani,2826162.9522464545,2009
766.0,Uthai Thani,602515.0819146661,2009
767.0,Uttaradit,969577.3537097347,2009
768.0,Yala,917739.6083446472,2009
769.0,Yasothon,469771.8887518573,2009
770.0,Amnat Charoen,390476.1842424717,2010
771.0,Ang Thong,796387.1239582944,2010
772.0,Bangkok,21903930.23189455,2010
773.0,Bueng Kan,338642.5191718366,2010
774.0,Buriram,1607779.1435074664,2010
775.0,Chachoengsao,11368141.336978272,2010
776.0,Chainat,879338.8113424425,2010
777.0,Chaiyaphum,2219070.631021437,2010
778.0,Chanthaburi,1307958.1424378138,2010
779.0,Chiang Mai,7225338.08176764,2010
780.0,Chiang Rai,3284820.922230688,2010
781.0,Chonburi,11329299.475093257,2010
782.0,Chumphon,1492833.991656812,2010
783.0,Kalasin,1879410.681612644,2010
784.0,Kamphaeng Phet,2124797.475154721,2010
785.0,Kanchanaburi,4350497.44821942,2010
786.0,Khon Kaen,5682774.140705605,2010
787.0,Krabi,1190426.328859476,2010
788.0,Lampang,28054653.887468606,2010
789.0,Lamphun,1529252.6429528778,2010
790.0,Loei,1158026.038580774,2010
791.0,Lopburi,3402233.1932372865,2010
792.0,Mae Hong Son,736615.659469605,2010
793.0,Maha Sarakham,1328562.2416817057,2010
794.0,Mukdahan,688217.1625453732,2010
795.0,Nakhon Nayok,887848.7552305679,2010
796.0,Nakhon Pathom,4237158.660111054,2010
797.0,Nakhon Phanom,909938.5827090417,2010
798.0,Nakhon Ratchasima,6282381.25949307,2010
799.0,Nakhon Sawan,2698960.985108934,2010
800.0,Nakhon Si Thammarat,2702004.7207221207,2010
801.0,Nan,961621.2295400016,2010
802.0,Narathiwat,1182051.1970763465,2010
803.0,Nong Bua Lamphu,981436.4758285736,2010
804.0,Nong Khai,732301.6487533266,2010
805.0,Nonthaburi,5066675.874387038,2010
806.0,Pathum Thani,6178194.241900993,2010
807.0,Pattani,1035169.7517727033,2010
808.0,Phang Nga,727127.5116326759,2010
809.0,Phatthalung,846399.5991282336,2010
810.0,Phayao,1168779.5654461724,2010
811.0,Phetchabun,2071542.1119632376,2010
812.0,Phetchaburi,2373502.760222052,2010
813.0,Phichit,985241.6419593564,2010
814.0,Phitsanulok,2225965.861881442,2010
815.0,Phra Nakhon Si Ayutthaya,9292554.696932066,2010
816.0,Phrae,1403301.39239551,2010
817.0,Phuket,1944837.4254896988,2010
818.0,Prachin Buri,4904945.3861490255,2010
819.0,Prachuap Khiri Khan,2415289.672171853,2010
820.0,Ranong,397268.58367631,2010
821.0,Ratchaburi,12451818.003456635,2010
822.0,Rayong,16323804.008188264,2010
823.0,Roi Et,1598106.3606978897,2010
824.0,Sa Kaeo,1395656.112533821,2010
825.0,Sakon Nakhon,1340047.9021669144,2010
826.0,Samut Prakan,7136097.390006602,2010
827.0,Samut Sakhon,2378346.419753707,2010
828.0,Samut Songkhram,528994.0722160868,2010
829.0,Saraburi,5792168.453729094,2010
830.0,Satun,644635.2065888948,2010
831.0,Sing Buri,619302.85075756,2010
832.0,Sisaket,1190810.250905973,2010
833.0,Songkhla,3648990.0820000847,2010
834.0,Sukhothai,1628951.8231986086,2010
835.0,Suphan Buri,3532231.2172749746,2010
836.0,Surat Thani,3293320.1276714965,2010
837.0,Surin,1440520.5819352134,2010
838.0,Tak,1512059.019686849,2010
839.0,Trang,1424939.013508213,2010
840.0,Trat,376405.6549507043,2010
841.0,Ubon Ratchathani,2622776.1386327622,2010
842.0,Udon Thani,2885643.2495960803,2010
843.0,Uthai Thani,818617.6280224003,2010
844.0,Uttaradit,1196212.0329374827,2010
845.0,Yala,925309.6486675264,2010
846.0,Yasothon,609219.7228787732,2010
847.0,Amnat Charoen,386474.61071726296,2011
848.0,Ang Thong,787663.321038703,2011
849.0,Bangkok,21661877.03411681,2011
850.0,Bueng Kan,335753.5180483181,2011
851.0,Buriram,1590167.1709038788,2011
852.0,Chachoengsao,11217354.983993473,2011
853.0,Chainat,869706.3369482508,2011
854.0,Chaiyaphum,2194762.4341037944,2011
855.0,Chanthaburi,1293839.3139349816,2011
856.0,Chiang Mai,7146979.7672396,2011
857.0,Chiang Rai,3251643.279902633,2011
858.0,Chonburi,11198863.661339274,2011
859.0,Chumphon,1476481.153996146,2011
860.0,Kalasin,1858823.196244452,2011
861.0,Kamphaeng Phet,2101053.3056688006,2011
862.0,Kanchanaburi,4300475.299771844,2011
863.0,Khon Kaen,5616156.002246543,2011
864.0,Krabi,1177386.1325999943,2011
865.0,Lampang,27670370.090411834,2011
866.0,Lamphun,1512500.8674515155,2011
867.0,Loei,1146087.3220222788,2011
868.0,Lopburi,3364964.3696886003,2011
869.0,Mae Hong Son,728859.1078614154,2011
870.0,Maha Sarakham,1314008.8730721222,2011
871.0,Mukdahan,680931.8735016646,2011
872.0,Nakhon Nayok,878123.0611463385,2011
873.0,Nakhon Pathom,4190741.738017241,2011
874.0,Nakhon Phanom,901290.9438532403,2011
875.0,Nakhon Ratchasima,6211879.750204796,2011
876.0,Nakhon Sawan,2669395.961597808,2011
877.0,Nakhon Si Thammarat,2672406.355566145,2011
878.0,Nan,951087.41550037,2011
879.0,Narathiwat,1170227.6968546666,2011
880.0,Nong Bua Lamphu,970685.6009282616,2011
881.0,Nong Khai,728906.1465342359,2011
882.0,Nonthaburi,5011174.371075956,2011
883.0,Pathum Thani,6110478.8414889695,2011
884.0,Pattani,1023830.2713203274,2011
885.0,Phang Nga,719162.3940672469,2011
886.0,Phatthalung,837127.9484715955,2011
887.0,Phayao,1155976.4922496728,2011
888.0,Phetchabun,2048849.975711323,2011
889.0,Phetchaburi,2347502.8786470727,2011
890.0,Phichit,974449.0844453973,2011
891.0,Phitsanulok,2201582.1325618606,2011
892.0,Phra Nakhon Si Ayutthaya,9176810.902684497,2011
893.0,Phrae,1387929.3144087638,2011
894.0,Phuket,1923525.6288042064,2011
895.0,Prachin Buri,4842058.995747459,2011
896.0,Prachuap Khiri Khan,2389124.2670364,2011
897.0,Ranong,393599.5035093114,2011
898.0,Ratchaburi,12287126.553830188,2011
899.0,Rayong,16117027.738444377,2011
900.0,Roi Et,1580600.3460076496,2011
901.0,Sa Kaeo,1380738.1884470556,2011
902.0,Sakon Nakhon,1325368.716730358,2011
903.0,Samut Prakan,7054088.173881722,2011
904.0,Samut Sakhon,2352280.180949478,2011
905.0,Samut Songkhram,523199.3525234089,2011
906.0,Saraburi,5721265.849439575,2011
907.0,Satun,637856.712695532,2011
908.0,Sing Buri,612518.8686653299,2011
909.0,Sisaket,1177765.8486890178,2011
910.0,Songkhla,3609449.080324048,2011
911.0,Sukhothai,1611107.9197063777,2011
912.0,Suphan Buri,3493538.365373113,2011
913.0,Surat Thani,3256577.428655805,2011
914.0,Surin,1424846.9613635284,2011
915.0,Tak,1498166.336475769,2011
916.0,Trang,1409329.9127367586,2011
917.0,Trat,372355.2698560805,2011
918.0,Ubon Ratchathani,2595040.999444549,2011
919.0,Udon Thani,2854001.8824252454,2011
920.0,Uthai Thani,809650.307381246,2011
921.0,Uttaradit,1183108.4582760038,2011
922.0,Yala,915301.3274072388,2011
923.0,Yasothon,602546.1938485126,2011
924.0,Amnat Charoen,414769.40543158696,2012
925.0,Ang Thong,845956.3562428879,2012
926.0,Bangkok,23265917.63878375,2012
927.0,Bueng Kan,359687.6587146368,2012
928.0,Buriram,1707851.5539331906,2012
929.0,Chachoengsao,12058685.640046412,2012
930.0,Chainat,934071.175652555,2012
931.0,Chaiyaphum,2357191.4339628504,2012
932.0,Chanthaburi,1389360.5392226866,2012
933.0,Chiang Mai,7674988.974393704,2012
934.0,Chiang Rai,3489164.4919229285,2012
935.0,Chonburi,12030355.85082854,2012
936.0,Chumphon,1585751.9128072278,2012
937.0,Kalasin,1996390.1546545057,2012
938.0,Kamphaeng Phet,2256746.3417323604,2012
939.0,Kanchanaburi,4619482.005114171,2012
940.0,Khon Kaen,6033650.6394019285,2012
941.0,Krabi,1264521.600136117,2012
942.0,Lampang,29750904.01908268,2012
943.0,Lamphun,1624437.356564821,2012
944.0,Loei,1230075.8117285364,2012
945.0,Lopburi,3613997.1504996577,2012
946.0,Mae Hong Son,782444.8136328111,2012
947.0,Maha Sarakham,1411255.4557880473,2012
948.0,Mukdahan,731043.4557475643,2012
949.0,Nakhon Nayok,943110.8011748142,2012
950.0,Nakhon Pathom,4500889.192859516,2012
951.0,Nakhon Phanom,966522.6908849842,2012
952.0,Nakhon Ratchasima,6672321.140788118,2012
953.0,Nakhon Sawan,2866951.428005378,2012
954.0,Nakhon Si Thammarat,2870184.612525393,2012
955.0,Nan,1021475.0683687112,2012
956.0,Narathiwat,1255649.6352797502,2012
957.0,Nong Bua Lamphu,1042523.6681974026,2012
958.0,Nong Khai,777696.7530741787,2012
959.0,Nonthaburi,5382039.130263616,2012
960.0,Pathum Thani,6562716.621932639,2012
961.0,Pattani,1099601.4452096997,2012
962.0,Phang Nga,772385.8438575673,2012
963.0,Phatthalung,899081.740337743,2012
964.0,Phayao,1241527.48532509,2012
965.0,Phetchabun,2200480.351767265,2012
966.0,Phetchaburi,2521235.8255001074,2012
967.0,Phichit,1046565.6777436696,2012
968.0,Phitsanulok,2364515.84126244,2012
969.0,Phra Nakhon Si Ayutthaya,9861894.577547751,2012
970.0,Phrae,1490646.5682715462,2012
971.0,Phuket,2065884.2921042093,2012
972.0,Prachin Buri,5204300.131282518,2012
973.0,Prachuap Khiri Khan,2565611.963449678,2012
974.0,Ranong,421968.2857370746,2012
975.0,Ratchaburi,13208492.807227597,2012
976.0,Rayong,17321695.504806,2012
977.0,Roi Et,1697576.7116347689,2012
978.0,Sa Kaeo,1482510.591896979,2012
979.0,Sakon Nakhon,1423456.0140241887,2012
980.0,Samut Prakan,7577775.79963946,2012
981.0,Samut Sakhon,2526372.337596488,2012
982.0,Samut Songkhram,561920.0569016752,2012
983.0,Saraburi,6147851.273180246,2012
984.0,Satun,684765.1527101402,2012
985.0,Sing Buri,657849.8923267707,2012
986.0,Sisaket,1264929.418639229,2012
987.0,Songkhla,3876100.327180528,2012
988.0,Sukhothai,1730342.076786965,2012
989.0,Suphan Buri,3752086.594370737,2012
990.0,Surat Thani,3497872.253345431,2012
991.0,Surin,1530178.126661783,2012
992.0,Tak,1606066.595073849,2012
993.0,Trang,1513630.9734593288,2012
994.0,Trat,399831.2172920361,2012
995.0,Ubon Ratchathani,2785984.773243216,2012
996.0,Udon Thani,3065232.922628275,2012
997.0,Uthai Thani,869570.5461102342,2012
998.0,Uttaradit,1270667.4218124563,2012
999.0,Yala,982906.1361881364,2012
1000.0,Yasothon,647139.1639145243,2012
1001.0,Amnat Charoen,440900.9451072633,2013
1002.0,Ang Thong,899773.7739410166,2013
1003.0,Bangkok,24742999.25277265,2013
1004.0,Bueng Kan,381811.4402533912,2013
1005.0,Buriram,1816500.374030507,2013
1006.0,Chachoengsao,12788141.554750944,2013
1007.0,Chainat,993494.2156674098,2013
1008.0,Chaiyaphum,2507149.4712155573,2013
1009.0,Chanthaburi,1477554.7791504306,2013
1010.0,Chiang Mai,8162378.325658984,2013
1011.0,Chiang Rai,3708542.483869232,2013
1012.0,Chonburi,12786606.175630262,2013
1013.0,Chumphon,1686633.089689376,2013
1014.0,Kalasin,2123395.0067738504,2013
1015.0,Kamphaeng Phet,2399641.7105380693,2013
1016.0,Kanchanaburi,4909052.22027073,2013
1017.0,Khon Kaen,6411226.280489209,2013
1018.0,Krabi,1344966.987599976,2013
1019.0,Lampang,31533111.2151726,2013
1020.0,Lamphun,1727779.595007608,2013
1021.0,Loei,1307634.1972975698,2013
1022.0,Lopburi,3843909.7129580416,2013
1023.0,Mae Hong Son,831908.152044261,2013
1024.0,Maha Sarakham,1501035.647657937,2013
1025.0,Mukdahan,777315.9977999796,2013
1026.0,Nakhon Nayok,1003108.9168955096,2013
1027.0,Nakhon Pathom,4787220.319271486,2013
1028.0,Nakhon Phanom,1026789.9241829868,2013
1029.0,Nakhon Ratchasima,7094380.580733529,2013
1030.0,Nakhon Sawan,3049338.994385816,2013
1031.0,Nakhon Si Thammarat,3052777.866706644,2013
1032.0,Nan,1086458.5039974295,2013
1033.0,Narathiwat,1338984.9684472384,2013
1034.0,Nong Bua Lamphu,1108846.1574244164,2013
1035.0,Nong Khai,822894.9790787993,2013
1036.0,Nonthaburi,5724429.661396614,2013
1037.0,Pathum Thani,6980163.960168875,2013
1038.0,Pattani,1169555.0660133152,2013
1039.0,Phang Nga,821522.9072400386,2013
1040.0,Phatthalung,956278.8484489592,2013
1041.0,Phayao,1320510.0497897323,2013
1042.0,Phetchabun,2340468.8608346423,2013
1043.0,Phetchaburi,2681629.91611174,2013
1044.0,Phichit,1113145.3081695854,2013
1045.0,Phitsanulok,2514939.8377868063,2013
1046.0,Phra Nakhon Si Ayutthaya,10469258.396951476,2013
1047.0,Phrae,1585477.4039494658,2013
1048.0,Phuket,2197299.2512615505,2013
1049.0,Prachin Buri,5522241.837191783,2013
1050.0,Prachuap Khiri Khan,2728559.005057707,2013
1051.0,Ranong,448181.6468172944,2013
1052.0,Ratchaburi,14008177.05156079,2013
1053.0,Rayong,18383522.87376505,2013
1054.0,Roi Et,1805571.873745117,2013
1055.0,Sa Kaeo,1576481.4239501683,2013
1056.0,Sakon Nakhon,1514012.371747043,2013
1057.0,Samut Prakan,8054343.589738185,2013
1058.0,Samut Sakhon,2687074.1118524675,2013
1059.0,Samut Songkhram,597667.8661762624,2013
1060.0,Saraburi,6528262.811154723,2013
1061.0,Satun,729196.9788376922,2013
1062.0,Sing Buri,699700.4934906855,2013
1063.0,Sisaket,1345400.7501990795,2013
1064.0,Songkhla,4124067.2299262974,2013
1065.0,Sukhothai,1840421.6820398096,2013
1066.0,Suphan Buri,3990784.0263115047,2013
1067.0,Surat Thani,3719440.080533944,2013
1068.0,Surin,1627425.7096014284,2013
1069.0,Tak,1705771.2035244154,2013
1070.0,Trang,1609924.013798655,2013
1071.0,Trat,425200.0380406704,2013
1072.0,Ubon Ratchathani,2962301.338785119,2013
1073.0,Udon Thani,3260189.568855508,2013
1074.0,Uthai Thani,924890.2334661091,2013
1075.0,Uttaradit,1351503.7887947485,2013
1076.0,Yala,1045828.13113326,2013
1077.0,Yasothon,688308.3782042927,2013
1078.0,Amnat Charoen,434426.8223992734,2014
1079.0,Ang Thong,885237.5773795523,2014
1080.0,Bangkok,24340419.48733489,2014
1081.0,Bueng Kan,377573.5314736261,2014
1082.0,Buriram,1787154.0996313991,2014
1083.0,Chachoengsao,12546160.817909956,2014
1084.0,Chainat,977443.9278760958,2014
1085.0,Chaiyaphum,2466645.4907839424,2014
1086.0,Chanthaburi,1454175.6031205924,2014
1087.0,Chiang Mai,8032430.228733834,2014
1088.0,Chiang Rai,3655228.431617905,2014
1089.0,Chonburi,12571500.596062023,2014
1090.0,Chumphon,1659384.8717806854,2014
1091.0,Kalasin,2089090.729465289,2014
1092.0,Kamphaeng Phet,2360243.0038500763,2014
1093.0,Kanchanaburi,4826945.351715986,2014
1094.0,Khon Kaen,6301764.573216015,2014
1095.0,Krabi,1323238.5197259462,2014
1096.0,Lampang,30919963.42381362,2014
1097.0,Lamphun,1699866.6394152998,2014
1098.0,Loei,1288282.0535598511,2014
1099.0,Lopburi,3781809.847771168,2014
1100.0,Mae Hong Son,819214.0644580419,2014
1101.0,Maha Sarakham,1476785.8290868157,2014
1102.0,Mukdahan,765354.7456809473,2014
1103.0,Nakhon Nayok,986903.300072021,2014
1104.0,Nakhon Pathom,4709878.020620298,2014
1105.0,Nakhon Phanom,1013307.1484399058,2014
1106.0,Nakhon Ratchasima,6977500.268254386,2014
1107.0,Nakhon Sawan,3000075.729877446,2014
1108.0,Nakhon Si Thammarat,3003459.045022548,2014
1109.0,Nan,1068906.3417854232,2014
1110.0,Narathiwat,1318991.7034380955,2014
1111.0,Nong Bua Lamphu,1090932.3139582635,2014
1112.0,Nong Khai,820484.2862387395,2014
1113.0,Nonthaburi,5631949.258574326,2014
1114.0,Pathum Thani,6867345.365254856,2014
1115.0,Pattani,1150660.4460660662,2014
1116.0,Phang Nga,808250.8834100625,2014
1117.0,Phatthalung,940829.7895586244,2014
1118.0,Phayao,1299176.693172152,2014
1119.0,Phetchabun,2302657.6704248,2014
1120.0,Phetchaburi,2638307.136120628,2014
1121.0,Phichit,1095162.0101774945,2014
1122.0,Phitsanulok,2474310.0013551866,2014
1123.0,Phra Nakhon Si Ayutthaya,10281323.376040764,2014
1124.0,Phrae,1559863.3962417927,2014
1125.0,Phuket,2161790.761301343,2014
1126.0,Prachin Buri,5420688.72937563,2014
1127.0,Prachuap Khiri Khan,2685165.518725113,2014
1128.0,Ranong,442547.1444835355,2014
1129.0,Ratchaburi,13743744.989305532,2014
1130.0,Rayong,18048849.34679111,2014
1131.0,Roi Et,1776402.1541793346,2014
1132.0,Sa Kaeo,1551884.1406086348,2014
1133.0,Sakon Nakhon,1489552.9096009915,2014
1134.0,Samut Prakan,7919049.494868998,2014
1135.0,Samut Sakhon,2643645.458146507,2014
1136.0,Samut Songkhram,588012.3072124524,2014
1137.0,Saraburi,6412751.582228243,2014
1138.0,Satun,717828.6995758681,2014
1139.0,Sing Buri,688396.5580319695,2014
1140.0,Sisaket,1323665.2746320467,2014
1141.0,Songkhla,4058072.673934936,2014
1142.0,Sukhothai,1810688.9489187964,2014
1143.0,Suphan Buri,3926311.350188316,2014
1144.0,Surat Thani,3658452.329327424,2014
1145.0,Surin,1601383.7659364098,2014
1146.0,Tak,1684496.824580802,2014
1147.0,Trang,1583915.0608342525,2014
1148.0,Trat,418502.139371973,2014
1149.0,Ubon Ratchathani,2916785.7667922704,2014
1150.0,Udon Thani,3207477.6396812266,2014
1151.0,Uthai Thani,909948.2697102672,2014
1152.0,Uttaradit,1329669.7168996795,2014
1153.0,Yala,1029118.4122244584,2014
1154.0,Yasothon,677188.4871169768,2014
1155.0,Amnat Charoen,439626.6278493507,2015
1156.0,Ang Thong,894667.6131260971,2015
1157.0,Bangkok,24599561.16706294,2015
1158.0,Bueng Kan,383297.694444889,2015
1159.0,Buriram,1806191.846048073,2015
1160.0,Chachoengsao,12677996.646623677,2015
1161.0,Chainat,987856.1970264604,2015
1162.0,Chaiyaphum,2492921.551939564,2015
1163.0,Chanthaburi,1470099.4580936932,2015
1164.0,Chiang Mai,8119754.988052765,2015
1165.0,Chiang Rai,3699984.198996898,2015
1166.0,Chonburi,12704981.957247024,2015
1167.0,Chumphon,1677061.5484322151,2015
1168.0,Kalasin,2111344.87025638,2015
1169.0,Kamphaeng Phet,2385353.253259807,2015
1170.0,Kanchanaburi,4878977.231192083,2015
1171.0,Khon Kaen,6368592.875601908,2015
1172.0,Krabi,1337334.38246607,2015
1173.0,Lampang,31244026.215062883,2015
1174.0,Lamphun,1717974.5527074598,2015
1175.0,Loei,1303562.606545228,2015
1176.0,Lopburi,3822095.761203872,2015
1177.0,Mae Hong Son,828610.0253886239,2015
1178.0,Maha Sarakham,1492517.3623726163,2015
1179.0,Mukdahan,774033.7406852355,2015
1180.0,Nakhon Nayok,997416.3354256375,2015
1181.0,Nakhon Pathom,4760050.080529093,2015
1182.0,Nakhon Phanom,1026839.5061023117,2015
1183.0,Nakhon Ratchasima,7051712.256917275,2015
1184.0,Nakhon Sawan,3032034.182934435,2015
1185.0,Nakhon Si Thammarat,3035453.5383498464,2015
1186.0,Nan,1080292.9183228996,2015
1187.0,Narathiwat,1330202.9779754528,2015
1188.0,Nong Bua Lamphu,1102553.5233749505,2015
1189.0,Nong Khai,838820.5424073276,2015
1190.0,Nonthaburi,5691943.874048371,2015
1191.0,Pathum Thani,6940497.474015892,2015
1192.0,Pattani,1162917.9120268973,2015
1193.0,Phang Nga,816860.8151151397,2015
1194.0,Phatthalung,950852.025021763,2015
1195.0,Phayao,1313016.236788366,2015
1196.0,Phetchabun,2327186.8440733096,2015
1197.0,Phetchaburi,2666411.83157502,2015
1198.0,Phichit,1106828.2769453304,2015
1199.0,Phitsanulok,2500667.70869459,2015
1200.0,Phra Nakhon Si Ayutthaya,10389882.489029048,2015
1201.0,Phrae,1576479.9172729913,2015
1202.0,Phuket,2184818.821081004,2015
1203.0,Prachin Buri,5477800.73015076,2015
1204.0,Prachuap Khiri Khan,2714375.5026468933,2015
1205.0,Ranong,448677.45529710455,2015
1206.0,Ratchaburi,13888197.584248144,2015
1207.0,Rayong,18239185.175251994,2015
1208.0,Roi Et,1795325.364387682,2015
1209.0,Sa Kaeo,1569183.969333662,2015
1210.0,Sakon Nakhon,1505420.444471975,2015
1211.0,Samut Prakan,8003142.522679104,2015
1212.0,Samut Sakhon,2671806.103060359,2015
1213.0,Samut Songkhram,594276.1375870967,2015
1214.0,Saraburi,6480549.149366543,2015
1215.0,Satun,724761.1607887492,2015
1216.0,Sing Buri,695729.7365436195,2015
1217.0,Sisaket,1337765.68335848,2015
1218.0,Songkhla,4100123.57570385,2015
1219.0,Sukhothai,1829977.401778645,2015
1220.0,Suphan Buri,3968136.572839064,2015
1221.0,Surat Thani,3697378.13197625,2015
1222.0,Surin,1618662.795185896,2015
1223.0,Tak,1707980.7650824334,2015
1224.0,Trang,1600787.793255219,2015
1225.0,Trat,423111.35500723455,2015
1226.0,Ubon Ratchathani,2949921.5312736263,2015
1227.0,Udon Thani,3241643.284104022,2015
1228.0,Uthai Thani,919641.5377429732,2015
1229.0,Uttaradit,1343834.088454312,2015
1230.0,Yala,1039758.764769043,2015
1231.0,Yasothon,684402.2704449153,2015
1232.0,Amnat Charoen,433303.8459426133,2016
1233.0,Ang Thong,880447.8342833351,2016
1234.0,Bangkok,24211552.414072845,2016
1235.0,Bueng Kan,379183.0218692088,2016
1236.0,Buriram,1777484.3704744077,2016
1237.0,Chachoengsao,12513466.23695833,2016
1238.0,Chainat,972155.285778182,2016
1239.0,Chaiyaphum,2453299.246557441,2016
1240.0,Chanthaburi,1447237.076613488,2016
1241.0,Chiang Mai,7992833.504022236,2016
1242.0,Chiang Rai,3647936.5930830855,2016
1243.0,Chonburi,12511966.186961727,2016
1244.0,Chumphon,1650406.461183195,2016
1245.0,Kalasin,2077787.3154452047,2016
1246.0,Kamphaeng Phet,2348100.554855912,2016
1247.0,Kanchanaburi,4806239.883631369,2016
1248.0,Khon Kaen,6273521.212940123,2016
1249.0,Krabi,1316078.8915943217,2016
1250.0,Lampang,30855813.134362843,2016
1251.0,Lamphun,1690669.1943929528,2016
1252.0,Loei,1284644.413474057,2016
1253.0,Lopburi,3761347.661419583,2016
1254.0,Mae Hong Son,816233.3056179304,2016
1255.0,Maha Sarakham,1468795.404976403,2016
1256.0,Mukdahan,762342.4331634354,2016
1257.0,Nakhon Nayok,981563.4763217658,2016
1258.0,Nakhon Pathom,4684397.21599362,2016
1259.0,Nakhon Phanom,1013700.0670347553,2016
1260.0,Nakhon Ratchasima,6942002.554432621,2016
1261.0,Nakhon Sawan,2983843.2617079024,2016
1262.0,Nakhon Si Thammarat,2987208.2717805146,2016
1263.0,Nan,1063122.8252177534,2016
1264.0,Narathiwat,1310411.1844843926,2016
1265.0,Nong Bua Lamphu,1085029.6217230868,2016
1266.0,Nong Khai,836637.0287617903,2016
1267.0,Nonthaburi,5601476.551526049,2016
1268.0,Pathum Thani,6830239.348825087,2016
1269.0,Pattani,1144434.583409337,2016
1270.0,Phang Nga,803877.6915615306,2016
1271.0,Phatthalung,935739.2552930764,2016
1272.0,Phayao,1292147.2562849205,2016
1273.0,Phetchabun,2290198.713641763,2016
1274.0,Phetchaburi,2624032.084156888,2016
1275.0,Phichit,1089236.4323214444,2016
1276.0,Phitsanulok,2460922.286332325,2016
1277.0,Phra Nakhon Si Ayutthaya,10244391.084255315,2016
1278.0,Phrae,1551423.4653038182,2016
1279.0,Phuket,2150104.190320627,2016
1280.0,Prachin Buri,5403630.400440855,2016
1281.0,Prachuap Khiri Khan,2671937.623473176,2016
1282.0,Ranong,443191.38313125895,2016
1283.0,Ratchaburi,13707296.81658235,2016
1284.0,Rayong,17988666.26037214,2016
1285.0,Roi Et,1766790.6003118728,2016
1286.0,Sa Kaeo,1545136.0979786257,2016
1287.0,Sakon Nakhon,1481493.4068591031,2016
1288.0,Samut Prakan,7881346.594196022,2016
1289.0,Samut Sakhon,2629359.344621327,2016
1290.0,Samut Songkhram,584830.7574408707,2016
1291.0,Saraburi,6388043.54403258,2016
1292.0,Satun,713581.5462194962,2016
1293.0,Sing Buri,684671.8605387163,2016
1294.0,Sisaket,1316503.33747815,2016
1295.0,Songkhla,4035564.699149489,2016
1296.0,Sukhothai,1800891.880169137,2016
1297.0,Suphan Buri,3905067.310792439,2016
1298.0,Surat Thani,3639551.395037412,2016
1299.0,Surin,1593191.7312972469,2016
1300.0,Tak,1687270.3346229745,2016
1301.0,Trang,1575344.9942718889,2016
1302.0,Trat,416562.0047686832,2016
1303.0,Ubon Ratchathani,2905434.3099597413,2016
1304.0,Udon Thani,3190165.0443598507,2016
1305.0,Uthai Thani,905024.825615202,2016
1306.0,Uttaradit,1322475.2919114493,2016
1307.0,Yala,1023386.237959125,2016
1308.0,Yasothon,673524.4326690964,2016
1309.0,Amnat Charoen,438438.3261830105,2017
1310.0,Ang Thong,889374.8199528212,2017
1311.0,Bangkok,24459998.846222486,2017
1312.0,Bueng Kan,385232.77763569256,2017
1313.0,Buriram,1795506.5369245815,2017
1314.0,Chachoengsao,12677156.74384184,2017
1315.0,Chainat,982012.106266538,2017
1316.0,Chaiyaphum,2478173.5964961965,2017
1317.0,Chanthaburi,1462472.0456980371,2017
1318.0,Chiang Mai,8076242.79262055,2017
1319.0,Chiang Rai,3692461.6841578274,2017
1320.0,Chonburi,12647704.905194482,2017
1321.0,Chumphon,1667140.1654682278,2017
1322.0,Kalasin,2098854.2961526625,2017
1323.0,Kamphaeng Phet,2372565.383701136,2017
1324.0,Kanchanaburi,4859870.601111204,2017
1325.0,Khon Kaen,6343253.22545506,2017
1326.0,Krabi,1329422.8027698132,2017
1327.0,Lampang,31276578.3913147,2017
1328.0,Lamphun,1707811.1302508593,2017
1329.0,Loei,1299684.50620407,2017
1330.0,Lopburi,3799484.5000033486,2017
1331.0,Mae Hong Son,825391.9336152675,2017
1332.0,Maha Sarakham,1483687.7301315393,2017
1333.0,Mukdahan,770753.4381811314,2017
1334.0,Nakhon Nayok,991515.687582758,2017
1335.0,Nakhon Pathom,4731895.982505365,2017
1336.0,Nakhon Phanom,1027525.5370317334,2017
1337.0,Nakhon Ratchasima,7014748.06157944,2017
1338.0,Nakhon Sawan,3014096.873166628,2017
1339.0,Nakhon Si Thammarat,3017496.000804043,2017
1340.0,Nan,1073901.9782092893,2017
1341.0,Narathiwat,1324254.47196826,2017
1342.0,Nong Bua Lamphu,1096030.8912306747,2017
1343.0,Nong Khai,857552.39029957,2017
1344.0,Nonthaburi,5658270.7171178,2017
1345.0,Pathum Thani,6899545.504290712,2017
1346.0,Pattani,1156038.1688454808,2017
1347.0,Phang Nga,812028.3215856507,2017
1348.0,Phatthalung,945226.8484835608,2017
1349.0,Phayao,1305248.521469501,2017
1350.0,Phetchabun,2313419.3636581004,2017
1351.0,Phetchaburi,2650637.518074442,2017
1352.0,Phichit,1100280.3552695778,2017
1353.0,Phitsanulok,2485873.927825917,2017
1354.0,Phra Nakhon Si Ayutthaya,10367821.06401438,2017
1355.0,Phrae,1567153.56784986,2017
1356.0,Phuket,2171915.0702030705,2017
1357.0,Prachin Buri,5471256.830075484,2017
1358.0,Prachuap Khiri Khan,2699814.078720572,2017
1359.0,Ranong,449519.6043461997,2017
1360.0,Ratchaburi,13885943.744714089,2017
1361.0,Rayong,18210260.611992087,2017
1362.0,Roi Et,1784704.3410377763,2017
1363.0,Sa Kaeo,1561797.8704329804,2017
1364.0,Sakon Nakhon,1496514.4786658925,2017
1365.0,Samut Prakan,7966638.981919509,2017
1366.0,Samut Sakhon,2656037.437391856,2017
1367.0,Samut Songkhram,590760.4399645767,2017
1368.0,Saraburi,6463263.782484324,2017
1369.0,Satun,720956.7260639064,2017
1370.0,Sing Buri,691613.8457886061,2017
1371.0,Sisaket,1329851.5516423096,2017
1372.0,Songkhla,4076761.309594348,2017
1373.0,Sukhothai,1819151.379041976,2017
1374.0,Suphan Buri,3944661.3442164175,2017
1375.0,Surat Thani,3677388.409751021,2017
1376.0,Surin,1609630.6330030088,2017
1377.0,Tak,1711555.112975575,2017
1378.0,Trang,1591317.6405205957,2017
1379.0,Trat,420981.3527899911,2017
1380.0,Ubon Ratchathani,2937567.765721636,2017
1381.0,Udon Thani,3222554.584664716,2017
1382.0,Uthai Thani,914201.0007603992,2017
1383.0,Uttaradit,1335884.0562146448,2017
1384.0,Yala,1033825.7200625088,2017
1385.0,Yasothon,680353.3925590315,2017
1386.0,Amnat Charoen,423735.515685874,2018
1387.0,Ang Thong,857194.7564249476,2018
1388.0,Bangkok,23575179.87309546,2018
1389.0,Bueng Kan,374748.667752974,2018
1390.0,Buriram,1730540.098590087,2018
1391.0,Chachoengsao,12221097.349513808,2018
1392.0,Chainat,946480.166857315,2018
1393.0,Chaiyaphum,2388506.358792691,2018
1394.0,Chanthaburi,1410434.9616704057,2018
1395.0,Chiang Mai,7787606.392618152,2018
1396.0,Chiang Rai,3570667.630504627,2018
1397.0,Chonburi,12190711.2544085,2018
1398.0,Chumphon,1606818.38285244,2018
1399.0,Kalasin,2022911.8892557945,2018
1400.0,Kamphaeng Phet,2286766.389161404,2018
1401.0,Kanchanaburi,4685932.417485773,2018
1402.0,Khon Kaen,6114175.06136348,2018
1403.0,Krabi,1281320.5745493828,2018
1404.0,Lampang,30152630.272536527,2018
1405.0,Lamphun,1646017.7568273705,2018
1406.0,Loei,1255813.274024305,2018
1407.0,Lopburi,3662008.545817863,2018
1408.0,Mae Hong Son,796887.8555935785,2018
1409.0,Maha Sarakham,1430003.7668185912,2018
1410.0,Mukdahan,743933.0987982716,2018
1411.0,Nakhon Nayok,955639.882508214,2018
1412.0,Nakhon Pathom,4560682.990237309,2018
1413.0,Nakhon Phanom,995904.3075276328,2018
1414.0,Nakhon Ratchasima,6761103.811398626,2018
1415.0,Nakhon Sawan,2905038.435409704,2018
1416.0,Nakhon Si Thammarat,2908314.5733019537,2018
1417.0,Nan,1035045.207029728,2018
1418.0,Narathiwat,1283283.9340365117,2018
1419.0,Nong Bua Lamphu,1056373.4339385936,2018
1420.0,Nong Khai,846001.0598075165,2018
1421.0,Nonthaburi,5453538.688518498,2018
1422.0,Pathum Thani,6649904.510524481,2018
1423.0,Pattani,1114209.480811784,2018
1424.0,Phang Nga,782646.8703246054,2018
1425.0,Phatthalung,911025.9025718296,2018
1426.0,Phayao,1258020.9863146665,2018
1427.0,Phetchabun,2229713.3934549587,2018
1428.0,Phetchaburi,2554730.053907143,2018
1429.0,Phichit,1060469.1407564287,2018
1430.0,Phitsanulok,2395928.068877093,2018
1431.0,Phra Nakhon Si Ayutthaya,9994084.704320705,2018
1432.0,Phrae,1510449.577721184,2018
1433.0,Phuket,2093329.8878005813,2018
1434.0,Prachin Buri,5274210.626505909,2018
1435.0,Prachuap Khiri Khan,2603357.545343477,2018
1436.0,Ranong,436128.9425629623,2018
1437.0,Ratchaburi,13386351.370516809,2018
1438.0,Rayong,17554169.44946761,2018
1439.0,Roi Et,1720128.7556686758,2018
1440.0,Sa Kaeo,1506847.12168042,2018
1441.0,Sakon Nakhon,1442366.40729072,2018
1442.0,Samut Prakan,7678769.071268965,2018
1443.0,Samut Sakhon,2559935.925621021,2018
1444.0,Samut Songkhram,569385.0783308906,2018
1445.0,Saraburi,6230153.069131795,2018
1446.0,Satun,696617.4480308201,2018
1447.0,Sing Buri,666589.326446908,2018
1448.0,Sisaket,1281733.810609463,2018
1449.0,Songkhla,3932131.3520046887,2018
1450.0,Sukhothai,1753329.4034526676,2018
1451.0,Suphan Buri,3801932.485401373,2018
1452.0,Surat Thani,3544397.1933140843,2018
1453.0,Surin,1551836.671083178,2018
1454.0,Tak,1660870.4848340005,2018
1455.0,Trang,1533739.326784331,2018
1456.0,Trat,406055.7672719035,2018
1457.0,Ubon Ratchathani,2835468.8699428323,2018
1458.0,Udon Thani,3105956.7149923947,2018
1459.0,Uthai Thani,881122.6566339845,2018
1460.0,Uttaradit,1287548.0423316937,2018
1461.0,Yala,997207.5236345894,2018
1462.0,Yasothon,655736.3077109065,2018
1463.0,Amnat Charoen,438503.5366590557,2019
1464.0,Ang Thong,884314.127465785,2019
1465.0,Bangkok,24320324.230844,2019
1466.0,Bueng Kan,390657.5674828239,2019
1467.0,Buriram,1785289.802522618,2019
1468.0,Chachoengsao,12598892.674518757,2019
1469.0,Chainat,976424.2921098724,2019
1470.0,Chaiyaphum,2464072.3718322227,2019
1471.0,Chanthaburi,1456088.8597516017,2019
1472.0,Chiang Mai,8038163.456474465,2019
1473.0,Chiang Rai,3697488.3539736383,2019
1474.0,Chonburi,12574259.298220122,2019
1475.0,Chumphon,1657653.8593521623,2019
1476.0,Kalasin,2086911.4628264632,2019
1477.0,Kamphaeng Phet,2358955.6920200684,2019
1478.0,Kanchanaburi,4835166.567546224,2019
1479.0,Khon Kaen,6306139.542422596,2019
1480.0,Krabi,1321858.163146892,2019
1481.0,Lampang,31080643.72873662,2019
1482.0,Lamphun,1698093.397525271,2019
1483.0,Loei,1299270.5725543622,2019
1484.0,Lopburi,3777864.794550541,2019
1485.0,Mae Hong Son,823691.0427779936,2019
1486.0,Maha Sarakham,1475245.29806467,2019
1487.0,Mukdahan,768721.704184782,2019
1488.0,Nakhon Nayok,985873.7967725544,2019
1489.0,Nakhon Pathom,4704970.198589543,2019
1490.0,Nakhon Phanom,1033931.841462893,2019
1491.0,Nakhon Ratchasima,6974440.142489619,2019
1492.0,Nakhon Sawan,2996946.15539284,2019
1493.0,Nakhon Si Thammarat,3000325.941262542,2019
1494.0,Nan,1067791.2956941451,2019
1495.0,Narathiwat,1322829.761550063,2019
1496.0,Nong Bua Lamphu,1089794.2913060335,2019
1497.0,Nong Khai,895615.9732776742,2019
1498.0,Nonthaburi,5626074.205636137,2019
1499.0,Pathum Thani,6860277.037489481,2019
1500.0,Pattani,1149460.1171574052,2019
1501.0,Phang Nga,807407.7443156256,2019
1502.0,Phatthalung,939848.3483180234,2019
1503.0,Phayao,1297821.4374425097,2019
1504.0,Phetchabun,2300255.618467742,2019
1505.0,Phetchaburi,2635554.946016931,2019
1506.0,Phichit,1094019.575401856,2019
1507.0,Phitsanulok,2471728.886210851,2019
1508.0,Phra Nakhon Si Ayutthaya,10305569.893694293,2019
1509.0,Phrae,1558236.2015839466,2019
1510.0,Phuket,2159554.735241227,2019
1511.0,Prachin Buri,5437987.163932069,2019
1512.0,Prachuap Khiri Khan,2687164.172970088,2019
1513.0,Ranong,453298.7702372925,2019
1514.0,Ratchaburi,13800326.660382291,2019
1515.0,Rayong,18100114.569343675,2019
1516.0,Roi Et,1774549.0732783016,2019
1517.0,Sa Kaeo,1556349.2402126072,2019
1518.0,Sakon Nakhon,1487999.0594273324,2019
1519.0,Samut Prakan,7920411.441108642,2019
1520.0,Samut Sakhon,2640921.034683188,2019
1521.0,Samut Songkhram,587398.9137720752,2019
1522.0,Saraburi,6424746.842112886,2019
1523.0,Satun,718391.4731558466,2019
1524.0,Sing Buri,687678.4467382068,2019
1525.0,Sisaket,1322284.4729994105,2019
1526.0,Songkhla,4056085.5047321,2019
1527.0,Sukhothai,1808800.1016439323,2019
1528.0,Suphan Buri,3922215.558312564,2019
1529.0,Surat Thani,3656307.788262456,2019
1530.0,Surin,1601457.028999688,2019
1531.0,Tak,1726607.1027342554,2019
1532.0,Trang,1582262.7760063356,2019
1533.0,Trat,419262.093095314,2019
1534.0,Ubon Ratchathani,2930091.6583577767,2019
1535.0,Udon Thani,3204210.3817440984,2019
1536.0,Uthai Thani,908999.0430168952,2019
1537.0,Uttaradit,1328282.651730494,2019
1538.0,Yala,1028636.8702827138,2019
1539.0,Yasothon,676482.0674142232,2019
1617.0,Amnat Charoen,441551.0333763447,2021
1618.0,Ang Thong,890156.1162987308,2021
1619.0,Bangkok,24469957.783088867,2021
1620.0,Bueng Kan,393686.5424781861,2021
1621.0,Buriram,1797083.850791915,2021
1622.0,Chachoengsao,12545007.976975828,2021
1623.0,Chainat,982874.7824456706,2021
1624.0,Chaiyaphum,2480350.618009572,2021
1625.0,Chanthaburi,1465822.188744967,2021
1626.0,Chiang Mai,8091414.669324108,2021
1627.0,Chiang Rai,3723446.9497929416,2021
1628.0,Chonburi,12624261.288394164,2021
1629.0,Chumphon,1668604.669703552,2021
1630.0,Kalasin,2100698.0942937434,2021
1631.0,Kamphaeng Phet,2372092.134814097,2021
1632.0,Kanchanaburi,4852945.045413239,2021
1633.0,Khon Kaen,6324990.834603413,2021
1634.0,Krabi,1330590.6706583365,2021
1635.0,Lampang,30884045.94611846,2021
1636.0,Lamphun,1709311.400531285,2021
1637.0,Loei,1308227.6227166844,2021
1638.0,Lopburi,3802822.266541469,2021
1639.0,Mae Hong Son,829254.147200941,2021
1640.0,Maha Sarakham,1484991.1177619228,2021
1641.0,Mukdahan,773938.5776383018,2021
1642.0,Nakhon Nayok,992386.7126341877,2021
1643.0,Nakhon Pathom,4736041.185173939,2021
1644.0,Nakhon Phanom,1041483.2513557546,2021
1645.0,Nakhon Ratchasima,7011726.825851757,2021
1646.0,Nakhon Sawan,3016744.692596519,2021
1647.0,Nakhon Si Thammarat,3020146.7854154096,2021
1648.0,Nan,1074845.377871848,2021
1649.0,Narathiwat,1334309.661512758,2021
1650.0,Nong Bua Lamphu,1096993.7309388658,2021
1651.0,Nong Khai,904059.5404899196,2021
1652.0,Nonthaburi,5663241.391173108,2021
1653.0,Pathum Thani,6905398.817591866,2021
1654.0,Pattani,1157053.7229385108,2021
1655.0,Phang Nga,812741.6708801432,2021
1656.0,Phatthalung,946057.2095346886,2021
1657.0,Phayao,1306395.153434449,2021
1658.0,Phetchabun,2315451.652565801,2021
1659.0,Phetchaburi,2652966.044618372,2021
1660.0,Phichit,1101246.928134607,2021
1661.0,Phitsanulok,2488057.7125483765,2021
1662.0,Phra Nakhon Si Ayutthaya,10300797.665538302,2021
1663.0,Phrae,1568530.2785838903,2021
1664.0,Phuket,2173781.473648701,2021
1665.0,Prachin Buri,5426095.736642412,2021
1666.0,Prachuap Khiri Khan,2705075.8268451155,2021
1667.0,Ranong,456666.25939468027,2021
1668.0,Ratchaburi,13743756.49250124,2021
1669.0,Rayong,18073669.24477987,2021
1670.0,Roi Et,1786272.1652465763,2021
1671.0,Sa Kaeo,1566833.1697346673,2021
1672.0,Sakon Nakhon,1497829.1341923869,2021
1673.0,Samut Prakan,7952689.204364104,2021
1674.0,Samut Sakhon,2658298.139100973,2021
1675.0,Samut Songkhram,591279.4101046004,2021
1676.0,Saraburi,6428265.873421047,2021
1677.0,Satun,723826.8280768893,2021
1678.0,Sing Buri,692221.4135734143,2021
1679.0,Sisaket,1331019.7973714452,2021
1680.0,Songkhla,4083833.574645421,2021
1681.0,Sukhothai,1820749.463409432,2021
1682.0,Suphan Buri,3948126.642634805,2021
1683.0,Surat Thani,3676979.383086087,2021
1684.0,Surin,1612094.6214105266,2021
1685.0,Tak,1739472.2579621042,2021
1686.0,Trang,1592715.5787842302,2021
1687.0,Trat,422071.62621418666,2021
1688.0,Ubon Ratchathani,2949992.1987769264,2021
1689.0,Udon Thani,3225214.264444568,2021
1690.0,Uthai Thani,915004.106135022,2021
1691.0,Uttaradit,1337057.6016424336,2021
1692.0,Yala,1035743.5015624458,2021
1693.0,Yasothon,680951.0682870164,2021
1694.0,Amnat Charoen,441118.18742232776,2022
1695.0,Ang Thong,889738.2194566326,2022
1696.0,Bangkok,24462939.300656665,2022
1697.0,Bueng Kan,392830.6259594312,2022
1698.0,Buriram,1796240.183438581,2022
1699.0,Chachoengsao,12594665.852049576,2022
1700.0,Chainat,982413.3576285556,2022
1701.0,Chaiyaphum,2479186.1808562446,2022
1702.0,Chanthaburi,1464963.2394636956,2022
1703.0,Chiang Mai,8087048.5084874,2022
1704.0,Chiang Rai,3719404.850956364,2022
1705.0,Chonburi,12631730.277491214,2022
1706.0,Chumphon,1667821.3195117454,2022
1707.0,Kalasin,2099711.8909987924,2022
1708.0,Kamphaeng Phet,2371969.982117734,2022
1709.0,Kanchanaburi,4856173.821902355,2022
1710.0,Khon Kaen,6331261.494951605,2022
1711.0,Krabi,1329966.005324636,2022
1712.0,Lampang,31032371.326023348,2022
1713.0,Lamphun,1708508.9385662267,2022
1714.0,Loei,1307019.5439536765,2022
1715.0,Lopburi,3801036.9734870447,2022
1716.0,Mae Hong Son,828622.8822955699,2022
1717.0,Maha Sarakham,1484293.966746695,2022
1718.0,Mukdahan,773367.8392663812,2022
1719.0,Nakhon Nayok,991920.8226195668,2022
1720.0,Nakhon Pathom,4733822.302054507,2022
1721.0,Nakhon Phanom,1039914.7301046266,2022
1722.0,Nakhon Ratchasima,7011995.235317465,2022
1723.0,Nakhon Sawan,3015328.43690156,2022
1724.0,Nakhon Si Thammarat,3018728.9333097013,2022
1725.0,Nan,1074340.7759076708,2022
1726.0,Narathiwat,1337377.7651959215,2022
1727.0,Nong Bua Lamphu,1096478.7307756527,2022
1728.0,Nong Khai,899851.5266659297,2022
1729.0,Nonthaburi,5660582.700418313,2022
1730.0,Pathum Thani,6902237.529249352,2022
1731.0,Pattani,1156510.527386678,2022
1732.0,Phang Nga,812360.1173367471,2022
1733.0,Phatthalung,945613.0692498029,2022
1734.0,Phayao,1305781.8471843605,2022
1735.0,Phetchabun,2314364.6296953703,2022
1736.0,Phetchaburi,2651720.5712417127,2022
1737.0,Phichit,1100729.9315167945,2022
1738.0,Phitsanulok,2486889.657604825,2022
1739.0,Phra Nakhon Si Ayutthaya,10325475.475096632,2022
1740.0,Phrae,1567793.9092819293,2022
1741.0,Phuket,2172777.059225369,2022
1742.0,Prachin Buri,5442919.191416549,2022
1743.0,Prachuap Khiri Khan,2703566.898705775,2022
1744.0,Ranong,455893.5368971567,2022
1745.0,Ratchaburi,13797154.788143476,2022
1746.0,Rayong,18124337.94335592,2022
1747.0,Roi Et,1785433.573309111,2022
1748.0,Sa Kaeo,1565794.6629642914,2022
1749.0,Sakon Nakhon,1497125.9564334794,2022
1750.0,Samut Prakan,7957076.700222382,2022
1751.0,Samut Sakhon,2657078.2967350585,2022
1752.0,Samut Songkhram,591001.8252100387,2022
1753.0,Saraburi,6441016.74213258,2022
1754.0,Satun,724416.3799550025,2022
1755.0,Sing Buri,691896.4398740053,2022
1756.0,Sisaket,1330394.9305693216,2022
1757.0,Songkhla,4083519.7139842384,2022
1758.0,Sukhothai,1819894.6866977192,2022
1759.0,Suphan Buri,3946273.137845658,2022
1760.0,Surat Thani,3676664.079308826,2022
1761.0,Surin,1611250.973401532,2022
1762.0,Tak,1736471.3791734355,2022
1763.0,Trang,1591967.8554563725,2022
1764.0,Trat,421813.90109354304,2022
1765.0,Ubon Ratchathani,2947793.2501736893,2022
1766.0,Udon Thani,3223766.533865028,2022
1767.0,Uthai Thani,914574.5444409228,2022
1768.0,Uttaradit,1336429.9001732406,2022
1769.0,Yala,1035676.7335750333,2022
1770.0,Yasothon,680631.3856326279,2022
,Amnat Charoen,399526.18561452365,2020
,Ang Thong,805082.379696106,2020
,Bangkok,22133179.361083347,2020
,Bueng Kan,356581.7420822654,2020
,Buriram,1625333.4862102082,2020
,Chachoengsao,11369141.722611915,2020
,Chainat,888939.7655625533,2020
,Chaiyaphum,2243299.2843493503,2020
,Chanthaburi,1325863.53398717,2020
,Chiang Mai,7318696.576045824,2020
,Chiang Rai,3369370.0388425007,2020
,Chonburi,11423305.42971466,2020
,Chumphon,1509133.27923635,2020
,Kalasin,1899930.7997735145,2020
,Kamphaeng Phet,2145799.2306475057,2020
,Kanchanaburi,4391806.126359635,2020
,Khon Kaen,5724340.202871879,2020
,Krabi,1203423.853739916,2020
,Lampang,28000063.56859791,2020
,Lamphun,1545949.59824488,2020
,Loei,1183691.8672219983,2020
,Lopburi,3439380.063758762,2020
,Mae Hong Son,750215.0202983705,2020
,Maha Sarakham,1343067.9871109582,2020
,Mukdahan,700132.807790972,2020
,Nakhon Nayok,897542.6245115151,2020
,Nakhon Pathom,4283411.541332177,2020
,Nakhon Phanom,942784.2337626872,2020
,Nakhon Ratchasima,6343083.505901292,2020
,Nakhon Sawan,2728429.2634830987,2020
,Nakhon Si Thammarat,2731506.212642368,2020
,Nan,972120.5743650516,2020
,Narathiwat,1205089.4355414617,2020
,Nong Bua Lamphu,992152.1715492292,2020
,Nong Khai,820591.5377014305,2020
,Nonthaburi,5121995.761180381,2020
,Pathum Thani,6245471.560268655,2020
,Pattani,1046472.1274714008,2020
,Phang Nga,735066.5650773301,2020
,Phatthalung,855640.910631436,2020
,Phayao,1181540.7434056513,2020
,Phetchabun,2094159.9939620984,2020
,Phetchaburi,2399417.5612454163,2020
,Phichit,995998.8833576604,2020
,Phitsanulok,2250269.800739713,2020
,Phra Nakhon Si Ayutthaya,9328596.739935037,2020
,Phrae,1418623.168389421,2020
,Phuket,1966036.1687106013,2020
,Prachin Buri,4915563.642846547,2020
,Prachuap Khiri Khan,2446732.479779858,2020
,Ranong,413454.9241763847,2020
,Ratchaburi,12455112.023394428,2020
,Rayong,16370917.984485555,2020
,Roi Et,1615555.0922297237,2020
,Sa Kaeo,1417323.207677123,2020
,Sakon Nakhon,1354679.0529839122,2020
,Samut Prakan,7196011.66651734,2020
,Samut Sakhon,2404251.7483768426,2020
,Samut Songkhram,534769.8295055355,2020
,Saraburi,5820457.889275301,2020
,Satun,654222.3350728933,2020
,Sing Buri,626064.6341706779,2020
,Sisaket,1203811.967979207,2020
,Songkhla,3692862.3376375856,2020
,Sukhothai,1646737.336044934,2020
,Suphan Buri,3570797.455300288,2020
,Surat Thani,3326150.474524024,2020
,Surin,1458091.3339695109,2020
,Tak,1574922.0176127912,2020
,Trang,1440497.0377036538,2020
,Trat,381779.729726495,2020
,Ubon Ratchathani,2668687.7724614865,2020
,Udon Thani,2917002.6318612336,2020/
,Uthai Thani,827555.6055530278,2020
,Uttaradit,1209272.729205059,2020
,Yala,936562.9409618854,2020
,Yasothon,615871.4146917547,2020
